id,fname,lname,country,gender,email,password,phone,is_verify,img_name,img_path,created_at,updated_at
111,m,m,Zambia,female,mahmussskkkm@gmail.com55,123,+8801839500005,1,avatar4.png,/storage/uploads/avatar4.png,2022-04-25T18:51:14.000000Z,2022-04-25T18:51:14.000000Z
110,"Yvonne Pennington","Micah Jenkins",Angola,female,fedo@mailinator.com,Pa$$w0rd!,+15945991861,1,avatar4.png,/storage/uploads/avatar4.png,2022-04-25T07:22:00.000000Z,2022-04-25T07:22:00.000000Z
109,swapnil,mahmud,Algeria,female,jici@mailinator.com,Pa$$w0rd!,+8801839500005,0,spay.png,/storage/uploads/spay.png,2022-04-24T04:37:00.000000Z,2022-04-24T04:37:00.000000Z
108,"Emery Head","Amena Blair","American Samoa",male,lino@mailinator.com,Pa$$w0rd!,+8801839500005,1,avatar4.png,/storage/uploads/avatar4.png,2022-04-24T04:36:19.000000Z,2022-04-24T04:36:19.000000Z
107,swapnil,mahmud,Algeria,female,bafuloz@mailinator.com,Pa$$w0rd!,+8801839500005,0,spay.png,/storage/uploads/spay.png,2022-04-24T04:33:26.000000Z,2022-04-24T04:33:26.000000Z
106,"Brett Matthews","Macy Weiss",Yemen,male,koxywalip@mailinator.com,Pa$$w0rd!,+8801839500005,1,spay.png,/storage/uploads/spay.png,2022-04-24T04:33:01.000000Z,2022-04-24T04:33:01.000000Z
105,swapnil,mahmud,Algeria,female,lixydide@mailinator.com,Pa$$w0rd!,+8801839500005,1,spay.png,/storage/uploads/spay.png,2022-04-24T04:32:28.000000Z,2022-04-24T04:32:28.000000Z
104,swapnil,mahmud,Algeria,female,sino@mailinator.com,Pa$$w0rd!,+8801839500005,1,shurjopay-small.png,/storage/uploads/shurjopay-small.png,2022-04-24T04:32:06.000000Z,2022-04-24T04:32:06.000000Z
103,"Steven Tucker","Yuli Flynn","Aland Islands",male,lylehylik@mailinator.com,Pa$$w0rd!,+19551242683,1,avatar4.png,/storage/uploads/avatar4.png,2022-04-23T20:20:29.000000Z,2022-04-23T20:20:29.000000Z
102,swapnil,mahmud,Algeria,male,tavysy@mailinator.com,Pa$$w0rd!,+8801839500005,1,avatar4.png,/storage/uploads/avatar4.png,2022-04-23T20:06:07.000000Z,2022-04-23T20:06:07.000000Z
99,swapnil,mahmud,Algeria,male,mahmuhhdssssssssssss@gmail.com,sp123,+8801839500005,1,shurjopay-small.png,/storage/uploads/shurjopay-small.png,2022-04-23T20:03:32.000000Z,2022-04-23T20:03:32.000000Z
98,swapnil,mahmud,Algeria,male,mahmudssssssssssss@gmail.com,sp123,+8801839500005,1,shurjopay-small.png,/storage/uploads/shurjopay-small.png,2022-04-23T20:02:21.000000Z,2022-04-23T20:02:21.000000Z
96,"Lara Garrett","Jeanette Giles",Anguilla,male,nycovolo@mailinator.com,Pa$$w0rd!,+12733689113,1,avatar4.png,/storage/uploads/avatar4.png,2022-04-23T20:00:19.000000Z,2022-04-23T20:00:19.000000Z
94,"Linda Lindsay","Vance Weber",Zimbabwe,male,pohuky@mailinator.com,Pa$$w0rd!,+14965114113,1,avatar4.png,/storage/uploads/avatar4.png,2022-04-23T19:58:55.000000Z,2022-04-23T19:58:55.000000Z
93,"Zenaida Hamilton","Ivan Wynn",Yemen,female,zaryzyr@mailinator.com,Pa$$w0rd!,+18767593298,1,shurjopay-small.png,/storage/uploads/shurjopay-small.png,2022-04-23T19:58:07.000000Z,2022-04-23T19:58:07.000000Z
92,"Lamar Wallace","Zenaida Whitley",Andorra,male,duvawucuve@mailinator.com,Pa$$w0rd!,+16967817579,1,avatar4.png,/storage/uploads/avatar4.png,2022-04-23T19:57:32.000000Z,2022-04-23T19:57:32.000000Z
90,"Philip Graves","Timothy Flynn",Angola,female,lajinojy@mailinator.com,Pa$$w0rd!,+17246825517,1,avatar4.png,/storage/uploads/avatar4.png,2022-04-23T19:56:40.000000Z,2022-04-23T19:56:40.000000Z
88,swapnil,mahmud,Algeria,male,qerocomeh@mailinator.com,Pa$$w0rd!,+8801839500005,1,avatar4.png,/storage/uploads/avatar4.png,2022-04-23T19:52:33.000000Z,2022-04-23T19:52:33.000000Z
87,swapnil,mahmud,Afghanistan,male,zaji@mailinator.com,Pa$$w0rd!,+8801839500005,1,avatar4.png,/storage/uploads/avatar4.png,2022-04-23T19:25:33.000000Z,2022-04-23T19:25:33.000000Z
